{
    "effects.enableLike": true,
    "effects.enableComment": true,
    "effects.enableRating": true,
    "effects.enableGUICreate": false,
    "effects.enableSonolusCreate": false,
    "effects.pageSize.info": 5,
    "effects.pageSize.list": 20,
    "effects.pageSize.recommends": 5,
    "effects.pageSize.community": 5,
    "effects.info.sections": [
        {
            "title": "#NEWEST",
            "icon": "effect",
            "filter": "",
            "order": "id DESC"
        }
    ],
    "effects.details.sections": [
        
    ],
    "effects.searches": [
        
    ],
    "effects.creates": [
        {
            "options": [
                {
                    "query": "name",
                    "name": "#NAME",
                    "type": "text",
                    "placeholder": "Enter effect name..."
                },
                {
                    "query": "title",
                    "name": "#TITLE",
                    "type": "text",
                    "placeholder": "Enter effect title..."
                },
                {
                    "query": "subtitle",
                    "name": "#SUBTITLE",
                    "type": "text",
                    "placeholder": "Enter effect subtitle..."
                },
                {
                    "query": "author",
                    "name": "#AUTHOR",
                    "type": "text",
                    "placeholder": "Enter effect author..."
                },
                {
                    "query": "description",
                    "name": "#description",
                    "type": "textArea",
                    "placeholder": "Enter description..."
                },
                {
                    "query": "tags",
                    "name": "#tags",
                    "type": "text",
                    "placeholder": "Enter tags..."
                },
                {
                    "query": "localization",
                    "name": "Localization",
                    "type": "select",
                    "def": 0,
                    "values": [
                        "default",
                        "{{jsonArray.languageList}}"
                    ]
                },
                {
                    "query": "thumbnail", 
                    "name": "Thumbnail",
                    "type": "file"
                },
                {
                    "query": "data", 
                    "name": "Data",
                    "type": "file"
                },
                {
                    "query": "audio", 
                    "name": "Audio",
                    "type": "file"
                }
            ]
        }
    ]
}